[
    {
        "name":"ralphfiennes",
        "kor_name":"랄프파인즈",
        "alias":[],
        "movieList":["63d7963899e4afffadb13de0"],
        "img":"www.abc.com"
    },
    {
        "name":"anyataylorjoy",
        "kor_name":"안야테일러조이",
        "alias":[],
        "movieList":["63d7963899e4afffadb13de0"],
        "img":"www.abc.com"
    },
    {
        "name":"nicholashoult",
        "kor_name":"니콜라스홀트",
        "alias":[],
        "movieList":["63d7963899e4afffadb13de0"],
        "img":"www.abc.com"
    },
    {
        "name":"hongchau",
        "kor_name":"홍차우",
        "alias":[],
        "movieList":["63d7963899e4afffadb13de0"],
        "img":"www.abc.com"
    },
    {
        "name":"judithlight",
        "kor_name":"주디스라이트",
        "alias":[],
        "movieList":["63d7963899e4afffadb13de0"],
        "img":"www.abc.com"
    },
    {
        "name":"johnleguizamo",
        "kor_name":"존레귀자모",
        "alias":[],
        "movieList":["63d7963899e4afffadb13de0"],
        "img":"www.abc.com"
    },
    {
        "name":"kejiayan",
        "kor_name":"가가연",
        "alias":[],
        "movieList":["63d7975399e4afffadb13de2"],
        "img":"www.abc.com"
    },
    {
        "name":"hsugreghan",
        "kor_name":"허광한",
        "alias":[],
        "movieList":["63d7975399e4afffadb13de2"],
        "img":"www.abc.com"
    },
    {
        "name":"shibaiyu",
        "kor_name":"시백우",
        "alias":[],
        "movieList":["63d7975399e4afffadb13de2"],
        "img":"www.abc.com"
    }
]